{
    "New_ItemID": 8890100,
    "CloneTarget_ItemID": 8200040,
    "AssetBundle_Name": "",
    "VisualPrefabName": "",
    "ArmorVisualPrefabName": "",
    "HelmetHideFace": false,
    "HelmetHideHair": false,
    "ItemIconName": "TendrilsIcon",
	"SkillTreeIconName": "TendrilsSmall",
    "Visual_PosOffset": {
        "x": -1.0,
        "y": -1.0,
        "z": -1.0
    },
    "Visual_RotOffset": {
        "x": -1.0,
        "y": -1.0,
        "z": -1.0
    },
    "Name": "Noxious Tendrils",
    "Description": "Release a torrent of magical tendrils. Resurrected enemies under your control will also cast this spell.\n\nSuccessful hits will heal you by a small amount.",
    "Durability": 1,
    "BaseValue": 1,
    "Weight": 1.0,
	"Cooldown": 2.0,
	"ManaCost": 5.0,
	"StaminaCost": 0
}