{
    "New_ItemID": 8890107,
    "CloneTarget_ItemID": 8200030,
    "AssetBundle_Name": "",
    "VisualPrefabName": "",
    "ArmorVisualPrefabName": "",
    "HelmetHideFace": false,
    "HelmetHideHair": false,
    "ItemIconName": "DeathCloudIcon",
	"SkillTreeIconName": "DeathCloudSmall",
    "Visual_PosOffset": {
        "x": -1.0,
        "y": -1.0,
        "z": -1.0
    },
    "Visual_RotOffset": {
        "x": -1.0,
        "y": -1.0,
        "z": -1.0
    },
    "Name": "Plague Aura",
    "Description": "Surround yourself with a noxious cloud of Death, which periodically damages enemies and enables spell combinations.",
    "Durability": 1,
    "BaseValue": 1,
    "Weight": 1.0,
	"Cooldown": 60.0,
	"ManaCost": 15.0,
	"StaminaCost": 0
}