{
    "New_ItemID": 2598500,
    "CloneTarget_ItemID": 2000100,
    "AssetBundle_Name": "",
    "VisualPrefabName": "",
    "ArmorVisualPrefabName": "",
    "Visual_PosOffset": {
        "x": -0.03,
        "y": 0.0,
        "z": 0.0
    },
    "Visual_RotOffset": {
        "x": 0.0,
        "y": -90.0,
        "z": 0.0
    },
    "HelmetHideFace": false,
    "HelmetHideHair": false,
    "ItemIconName": "",
    "Name": "SkeletonBlade",
    "Description": "Custom weapon used by Summoned Skeletons",
    "Durability": -1,
    "BaseValue": 40,
    "Weight": 0,
    "DamageBonuses": [
        0.0, 
        0.0,
        0.0,
        0.0,
        0.0,
        0.0,
        0.0,
        0.0,
        0.0
    ],
    "ManaUseModifier": 0.0,
    "AttackSpeed": 0.9,
    "Impact": 30.0,
    "BaseDamage": {
        "m_list": [
            {
                "Type": 1,
                "Damage": 5.0
            },
			{
                "Type": 2,
                "Damage": 10.0
            }
        ]
    },
    "hitEffects": [
		"Elemental Vulnerability"
    ]
}