{
    "New_ItemID": 8890104,
    "CloneTarget_ItemID": 8205100,
    "AssetBundle_Name": "",
    "VisualPrefabName": "",
    "ArmorVisualPrefabName": "",
    "HelmetHideFace": false,
    "HelmetHideHair": false,
    "ItemIconName": "BreakthroughIcon",
	"SkillTreeIconName": "BreakthroughSmall",
    "Visual_PosOffset": {
        "x": -1.0,
        "y": -1.0,
        "z": -1.0
    },
    "Visual_RotOffset": {
        "x": -1.0,
        "y": -1.0,
        "z": -1.0
    },
    "Name": "Transcendence",
    "Description": "Increases non-physical damage by 2.5% for every Mana Point you channel at the Leyline.",
    "Durability": 1,
    "BaseValue": 1,
    "Weight": 1.0
}