{
    "New_ItemID": 2800901,
    "CloneTarget_ItemID": 5200001,
    "AssetBundle_Name": "",
    "VisualPrefabName": "",
    "ArmorVisualPrefabName": "",
    "Visual_PosOffset": {
        "x": -1,
        "y": -1,
        "z": -1
    },
    "Visual_RotOffset": {
        "x": -1,
        "y": -1,
        "z": -1
    },
    "HelmetHideFace": false,
    "HelmetHideHair": false,
    "ItemIconName": "",
    "Name": "Mana Arrow",
    "Description": "Not an item you should actually have, used by Mana Bow.",
    "Durability": -1,
    "BaseValue": 600,
    "Weight": 0
}