<?xml version="1.0" encoding="utf-8"?>
<SL_Weapon xmlns:xsi="http://www.w3.org/2001/XMLSchema-instance" xmlns:xsd="http://www.w3.org/2001/XMLSchema">
  <OnlyChangeVisuals>false</OnlyChangeVisuals>
  <ReplaceEffects>true</ReplaceEffects>
  <Target_ItemID>2000100</Target_ItemID>
  <New_ItemID>2598500</New_ItemID>
  <Name>Skeleton Blade</Name>
  <Description>Custom weapon used by Necromancy Summons</Description>
  <LegacyItemID>-1</LegacyItemID>
  <IsPickable>false</IsPickable>
  <IsUsable>false</IsUsable>
  <QtyRemovedOnUse>1</QtyRemovedOnUse>
  <GroupItemInDisplay>false</GroupItemInDisplay>
  <HasPhysicsWhenWorld>false</HasPhysicsWhenWorld>
  <RepairedInRest>true</RepairedInRest>
  <BehaviorOnNoDurability>NotSet</BehaviorOnNoDurability>
  <CastType>NONE</CastType>
  <CastModifier>Immobilized</CastModifier>
  <CastLocomotionEnabled>false</CastLocomotionEnabled>
  <MobileCastMovementMult>-1</MobileCastMovementMult>
  <CastSheatheRequired>1</CastSheatheRequired>
  <Tags>
    <string>Blade</string>
    <string>Weapon</string>
    <string>Item</string>
    <string>Lexicon</string>
  </Tags>
  <StatsHolder xsi:type="SL_WeaponStats">
    <BaseValue>0</BaseValue>
    <RawWeight>0</RawWeight>
    <MaxDurability>-1</MaxDurability>
    <Damage_Resistance>
      <float>0</float>
      <float>0</float>
      <float>0</float>
      <float>0</float>
      <float>0</float>
      <float>0</float>
      <float>0</float>
      <float>0</float>
      <float>0</float>
    </Damage_Resistance>
    <Impact_Resistance>0</Impact_Resistance>
    <Damage_Protection>0</Damage_Protection>
    <Damage_Bonus>
      <float>0</float>
      <float>0</float>
      <float>0</float>
      <float>0</float>
      <float>0</float>
      <float>0</float>
      <float>0</float>
      <float>0</float>
      <float>0</float>
    </Damage_Bonus>
    <Stamina_Use_Penalty>0</Stamina_Use_Penalty>
    <Mana_Use_Modifier>0</Mana_Use_Modifier>
    <Movement_Penalty>0</Movement_Penalty>
    <Pouch_Bonus>0</Pouch_Bonus>
    <Heat_Protection>0</Heat_Protection>
    <Cold_Protection>0</Cold_Protection>
    <Corruption_Protection>0</Corruption_Protection>
    <AttackSpeed>0.9</AttackSpeed>
	<StamCost>4.4</StamCost>
	<AutoGenerateAttackData>true</AutoGenerateAttackData>
    <BaseDamage>
      <SL_Damage>
        <Damage>5</Damage>
        <Type>Ethereal</Type>
      </SL_Damage>
      <SL_Damage>
        <Damage>10</Damage>
        <Type>Decay</Type>
      </SL_Damage>
    </BaseDamage>
    <Impact>12</Impact>
  </StatsHolder>
  <EffectTransforms>
    <SL_EffectTransform>
      <TransformName>HitEffects</TransformName>
      <Effects>
        <SL_Effect xsi:type="SL_AddStatusEffectBuildUp">
          <StatusEffect>Elemental Vulnerability</StatusEffect>
          <Buildup>60</Buildup>
        </SL_Effect>
      </Effects>
      <ChildEffects />
    </SL_EffectTransform>
  </EffectTransforms>
  <EquipSlot>RightHand</EquipSlot>
  <TwoHandType>None</TwoHandType>
  <IKType>None</IKType>
  <VisualDetectabilityAdd>0</VisualDetectabilityAdd>
  <WeaponType>Sword_1H</WeaponType>
  <Unblockable>false</Unblockable>
  <SwingSound>Default</SwingSound>
  <SpecialIsZoom>false</SpecialIsZoom>
</SL_Weapon>