<?xml version="1.0" encoding="utf-8"?>
<SL_Item xmlns:xsi="http://www.w3.org/2001/XMLSchema-instance" xmlns:xsd="http://www.w3.org/2001/XMLSchema">
  <OnlyChangeVisuals>false</OnlyChangeVisuals>
  <ReplaceEffects>true</ReplaceEffects>
  <Target_ItemID>6600227</Target_ItemID>
  <New_ItemID>5850750</New_ItemID>
  <Name>Blacksmith's Toolbox</Name>
  <Description>Requires: %COST% Iron Scrap
  
A box containing a whetstone and other useful tools for mending one's equipment.</Description>
  <LegacyItemID>-1</LegacyItemID>
  <IsPickable>true</IsPickable>
  <IsUsable>true</IsUsable>
  <QtyRemovedOnUse>-1</QtyRemovedOnUse>
  <GroupItemInDisplay>false</GroupItemInDisplay>
  <HasPhysicsWhenWorld>false</HasPhysicsWhenWorld>
  <RepairedInRest>false</RepairedInRest>
  <BehaviorOnNoDurability>Destroy</BehaviorOnNoDurability>
  <CastType>NONE</CastType>
  <CastModifier>Immobilized</CastModifier>
  <CastLocomotionEnabled>false</CastLocomotionEnabled>
  <MobileCastMovementMult>-1</MobileCastMovementMult>
  <CastSheatheRequired>1</CastSheatheRequired>
    <Tags />
  <StatsHolder />
  <EffectTransforms />  
</SL_Item>