<?xml version="1.0" encoding="utf-8"?>
<SL_Weapon xmlns:xsi="http://www.w3.org/2001/XMLSchema-instance" xmlns:xsd="http://www.w3.org/2001/XMLSchema">
  <OnlyChangeVisuals>false</OnlyChangeVisuals>
  <ReplaceEffects>true</ReplaceEffects>
  <Target_ItemID>5200001</Target_ItemID>
  <New_ItemID>2800901</New_ItemID>
  <Name>Mana Arrow</Name>
  <Description>Not an item you should actually have. Used by Mana Bow.</Description>
  <LegacyItemID>-1</LegacyItemID>
  <IsPickable>true</IsPickable>
  <IsUsable>false</IsUsable>
  <QtyRemovedOnUse>1</QtyRemovedOnUse>
  <GroupItemInDisplay>false</GroupItemInDisplay>
  <HasPhysicsWhenWorld>false</HasPhysicsWhenWorld>
  <RepairedInRest>true</RepairedInRest>
  <BehaviorOnNoDurability>NotSet</BehaviorOnNoDurability>
  <CastType>NONE</CastType>
  <CastModifier>Immobilized</CastModifier>
  <CastLocomotionEnabled>false</CastLocomotionEnabled>
  <MobileCastMovementMult>-1</MobileCastMovementMult>
  <CastSheatheRequired>1</CastSheatheRequired>
  <Tags>
    <string>Misc</string>
    <string>Item</string>
    <string>Ammo</string>
    <string>Consummable</string>
  </Tags>
  <StatsHolder />
  <EffectTransforms />
  <EquipSlot>Quiver</EquipSlot>
  <TwoHandType>None</TwoHandType>
  <IKType>None</IKType>
  <VisualDetectabilityAdd>0</VisualDetectabilityAdd>
  <WeaponType>Arrow</WeaponType>
  <Unblockable>false</Unblockable>
  <SwingSound>Default</SwingSound>
  <SpecialIsZoom>false</SpecialIsZoom>
</SL_Weapon>