<?xml version="1.0" encoding="utf-8"?>
<SL_Weapon xmlns:xsi="http://www.w3.org/2001/XMLSchema-instance" xmlns:xsd="http://www.w3.org/2001/XMLSchema">
  <OnlyChangeVisuals>false</OnlyChangeVisuals>
  <ReplaceEffects>true</ReplaceEffects>
  <Target_ItemID>2200000</Target_ItemID>
  <New_ItemID>2800900</New_ItemID>
  <Name>Mana Bow</Name>
  <Description>Ethereal bow which requires no arrows, but instead consumes Mana.</Description>
  <LegacyItemID>-1</LegacyItemID>
  <IsPickable>true</IsPickable>
  <IsUsable>false</IsUsable>
  <QtyRemovedOnUse>1</QtyRemovedOnUse>
  <GroupItemInDisplay>false</GroupItemInDisplay>
  <HasPhysicsWhenWorld>false</HasPhysicsWhenWorld>
  <RepairedInRest>true</RepairedInRest>
  <BehaviorOnNoDurability>NotSet</BehaviorOnNoDurability>
  <CastType>DrawArrow</CastType>
  <CastModifier>Immobilized</CastModifier>
  <CastLocomotionEnabled>false</CastLocomotionEnabled>
  <MobileCastMovementMult>-1</MobileCastMovementMult>
  <CastSheatheRequired>1</CastSheatheRequired>
  <Tags>
    <string>Bow</string>
    <string>Weapon</string>
    <string>Item</string>
  </Tags>
  <StatsHolder xsi:type="SL_WeaponStats">
    <BaseValue>600</BaseValue>
    <RawWeight>0</RawWeight>
    <MaxDurability>-1</MaxDurability>
    <Damage_Resistance>
      <float>0</float>
      <float>0</float>
      <float>0</float>
      <float>0</float>
      <float>0</float>
      <float>0</float>
      <float>0</float>
      <float>0</float>
      <float>0</float>
    </Damage_Resistance>
    <Impact_Resistance>0</Impact_Resistance>
    <Damage_Protection>0</Damage_Protection>
    <Damage_Bonus>
      <float>0</float>
      <float>0</float>
      <float>0</float>
      <float>0</float>
      <float>0</float>
      <float>0</float>
      <float>0</float>
      <float>0</float>
      <float>0</float>
    </Damage_Bonus>
    <Stamina_Use_Penalty>0</Stamina_Use_Penalty>
    <Mana_Use_Modifier>-10</Mana_Use_Modifier>
    <Movement_Penalty>0</Movement_Penalty>
    <Pouch_Bonus>0</Pouch_Bonus>
    <Heat_Protection>0</Heat_Protection>
    <Cold_Protection>0</Cold_Protection>
    <Corruption_Protection>0</Corruption_Protection>
    <AttackSpeed>0</AttackSpeed>
    <BaseDamage>
      <SL_Damage>
        <Damage>20</Damage>
        <Type>Ethereal</Type>
      </SL_Damage>
    </BaseDamage>
    <Impact>15</Impact>
    <Attacks>
      <AttackData>
        <StamCost>0.5</StamCost>
        <Knockback>12</Knockback>
        <AttackSpeed>0</AttackSpeed>
        <Damage>
          <float>20</float>
        </Damage>
      </AttackData>
      <AttackData>
        <StamCost>2.13</StamCost>
        <Knockback>12</Knockback>
        <AttackSpeed>0</AttackSpeed>
        <Damage>
          <float>20</float>
        </Damage>
      </AttackData>
      <AttackData>
        <StamCost>2.13</StamCost>
        <Knockback>12</Knockback>
        <AttackSpeed>0</AttackSpeed>
        <Damage>
          <float>23</float>
        </Damage>
      </AttackData>
      <AttackData>
        <StamCost>2.13</StamCost>
        <Knockback>12</Knockback>
        <AttackSpeed>0</AttackSpeed>
        <Damage>
          <float>23</float>
        </Damage>
      </AttackData>
      <AttackData>
        <StamCost>2.13</StamCost>
        <Knockback>12</Knockback>
        <AttackSpeed>0</AttackSpeed>
        <Damage>
          <float>23</float>
        </Damage>
      </AttackData>
    </Attacks>
  </StatsHolder>
  <EffectTransforms />
  <EquipSlot>RightHand</EquipSlot>
  <TwoHandType>TwoHandedLeft</TwoHandType>
  <IKType>None</IKType>
  <VisualDetectabilityAdd>0</VisualDetectabilityAdd>
  <WeaponType>Bow</WeaponType>
  <Unblockable>false</Unblockable>
  <SwingSound>Default</SwingSound>
  <SpecialIsZoom>true</SpecialIsZoom>
</SL_Weapon>