<?xml version="1.0" encoding="utf-8"?>
<SL_Skill xmlns:xsi="http://www.w3.org/2001/XMLSchema-instance" xmlns:xsd="http://www.w3.org/2001/XMLSchema">
  <OnlyChangeVisuals>false</OnlyChangeVisuals>
  <ReplaceEffects>false</ReplaceEffects>
  <Target_ItemID>8100220</Target_ItemID>
  <New_ItemID>8890106</New_ItemID>
  <Name>Death Ritual</Name>
  <Description>Sacrifice your Summon to produce a violent magical explosion from its corpse.
  
If you have multiple Summons, the weakest will be chosen.</Description>
  <LegacyItemID>-1</LegacyItemID>
  <IsPickable>false</IsPickable>
  <IsUsable>false</IsUsable>
  <QtyRemovedOnUse>1</QtyRemovedOnUse>
  <GroupItemInDisplay>false</GroupItemInDisplay>
  <HasPhysicsWhenWorld>false</HasPhysicsWhenWorld>
  <RepairedInRest>true</RepairedInRest>
  <BehaviorOnNoDurability>NotSet</BehaviorOnNoDurability>
  <CastType>WriteRune</CastType>
  <CastModifier>Immobilized</CastModifier>
  <CastLocomotionEnabled>false</CastLocomotionEnabled>
  <MobileCastMovementMult>-1</MobileCastMovementMult>
  <CastSheatheRequired>1</CastSheatheRequired>
  <Tags />
  <EffectTransforms />
  <Cooldown>15</Cooldown>
  <StaminaCost>0</StaminaCost>
  <ManaCost>15</ManaCost>
  <DurabilityCost>0</DurabilityCost>
  <DurabilityCostPercent>0</DurabilityCostPercent>
  <RequiredItems />
  <AmmunitionTypes />
  <RequiredOffHandTypes />
  <RequiredWeaponTypes />
  <RequiredWeaponTags />
  <RequireImbue>false</RequireImbue>
</SL_Skill>