<?xml version="1.0" encoding="utf-8"?>
<SL_Item xmlns:xsi="http://www.w3.org/2001/XMLSchema-instance" xmlns:xsd="http://www.w3.org/2001/XMLSchema">
  <OnlyChangeVisuals>false</OnlyChangeVisuals>
  <ReplaceEffects>true</ReplaceEffects>
  <Target_ItemID>8205100</Target_ItemID>
  <New_ItemID>8890108</New_ItemID>
  <Name>Army of Death</Name>
  <Description>You may summon up to three allies at a time.</Description>
  <LegacyItemID>-1</LegacyItemID>
  <IsPickable>false</IsPickable>
  <IsUsable>false</IsUsable>
  <QtyRemovedOnUse>1</QtyRemovedOnUse>
  <GroupItemInDisplay>false</GroupItemInDisplay>
  <HasPhysicsWhenWorld>false</HasPhysicsWhenWorld>
  <RepairedInRest>true</RepairedInRest>
  <BehaviorOnNoDurability>NotSet</BehaviorOnNoDurability>
  <CastLocomotionEnabled>false</CastLocomotionEnabled>
  <MobileCastMovementMult>-1</MobileCastMovementMult>
  <CastModifier>Immobilized</CastModifier>
  <CastSheatheRequired>1</CastSheatheRequired>
  <Tags />
  <EffectTransforms>
  </EffectTransforms>
</SL_Item>