{
    "New_ItemID": 8890108,
    "CloneTarget_ItemID": 8205100,
    "AssetBundle_Name": "",
    "VisualPrefabName": "",
    "ArmorVisualPrefabName": "",
    "HelmetHideFace": false,
    "HelmetHideHair": false,
    "ItemIconName": "StrongResurrectIcon",
	"SkillTreeIconName": "StrongResurrectSmall",
    "Visual_PosOffset": {
        "x": -1.0,
        "y": -1.0,
        "z": -1.0
    },
    "Visual_RotOffset": {
        "x": -1.0,
        "y": -1.0,
        "z": -1.0
    },
    "Name": "Army of Death",
    "Description": "You may summon up to three allies at a time.",
    "Durability": 1,
    "BaseValue": 1,
    "Weight": 1.0
}