{
    "New_ItemID": 8890101,
    "CloneTarget_ItemID": 8205100,
    "AssetBundle_Name": "",
    "VisualPrefabName": "",
    "ArmorVisualPrefabName": "",
    "HelmetHideFace": false,
    "HelmetHideHair": false,
    "ItemIconName": "BonusStatsIcon",
	"SkillTreeIconName": "BonusStatsSmall",
    "Visual_PosOffset": {
        "x": -1.0,
        "y": -1.0,
        "z": -1.0
    },
    "Visual_RotOffset": {
        "x": -1.0,
        "y": -1.0,
        "z": -1.0
    },
    "Name": "Vital Attunement",
    "Description": "Increases your maximum Health and Stamina by 20.",
    "Durability": 1,
    "BaseValue": 1,
    "Weight": 1.0
}